text,program,weights,score
;; A skillful professional vs an inexperienced amateur in a fairly judged cooking competition.,(condition (likely-to-win-cooking 'skillful-professional 'inexperienced-amateur)),0.0,0.2
;; A skillful professional vs an inexperienced amateur in a fairly judged cooking competition.,(condition (likely-to-win-cooking 'skillful-professional-off-day 'local-amateur-winner)),0.0,0.2
;; A skillful professional vs an inexperienced amateur in a fairly judged cooking competition.,(condition (likely-to-win-cooking 'mediocre-semi-professional 'gifted-inexperienced-amateur)),0.0,0.2
;; A skillful professional vs an inexperienced amateur in a fairly judged cooking competition.,(condition (likely-to-win-cooking 'mediocre-semi-professional 'talented-novice)),0.0,0.2
;; A skillful professional vs an inexperienced amateur in a fairly judged cooking competition.,(condition (likely-to-win-cooking 'local-novice-champion 'skilled-semi-professional)),0.0,0.2
;; A skillful professional who is having an off day vs the winner of a local amateur cooking competition in a fairly judged cooking competition.,(condition (likely-to-win-cooking 'skillful-professional 'inexperienced-amateur)),0.0,0.2
;; A skillful professional who is having an off day vs the winner of a local amateur cooking competition in a fairly judged cooking competition.,(condition (likely-to-win-cooking 'skillful-professional-off-day 'local-amateur-winner)),0.0,0.2
;; A skillful professional who is having an off day vs the winner of a local amateur cooking competition in a fairly judged cooking competition.,(condition (likely-to-win-cooking 'mediocre-semi-professional 'gifted-inexperienced-amateur)),0.0,0.2
;; A skillful professional who is having an off day vs the winner of a local amateur cooking competition in a fairly judged cooking competition.,(condition (likely-to-win-cooking 'mediocre-semi-professional 'talented-novice)),0.0,0.2
;; A skillful professional who is having an off day vs the winner of a local amateur cooking competition in a fairly judged cooking competition.,(condition (likely-to-win-cooking 'local-novice-champion 'skilled-semi-professional)),0.0,0.2
;; A mediocre semi-professional chef vs a gifted inexperienced amateur chef in a fairly judged cooking competition.,(condition (likely-to-win-cooking 'skillful-professional 'inexperienced-amateur)),0.0,0.2
;; A mediocre semi-professional chef vs a gifted inexperienced amateur chef in a fairly judged cooking competition.,(condition (likely-to-win-cooking 'skillful-professional-off-day 'local-amateur-winner)),0.0,0.2
;; A mediocre semi-professional chef vs a gifted inexperienced amateur chef in a fairly judged cooking competition.,(condition (likely-to-win-cooking 'mediocre-semi-professional 'gifted-inexperienced-amateur)),0.0,0.2
;; A mediocre semi-professional chef vs a gifted inexperienced amateur chef in a fairly judged cooking competition.,(condition (likely-to-win-cooking 'mediocre-semi-professional 'talented-novice)),0.0,0.2
;; A mediocre semi-professional chef vs a gifted inexperienced amateur chef in a fairly judged cooking competition.,(condition (likely-to-win-cooking 'local-novice-champion 'skilled-semi-professional)),0.0,0.2
;; A mediocre semi-professional chef vs a talented novice in a fairly judged cooking competition.,(condition (likely-to-win-cooking 'skillful-professional 'inexperienced-amateur)),0.0,0.2
;; A mediocre semi-professional chef vs a talented novice in a fairly judged cooking competition.,(condition (likely-to-win-cooking 'skillful-professional-off-day 'local-amateur-winner)),0.0,0.2
;; A mediocre semi-professional chef vs a talented novice in a fairly judged cooking competition.,(condition (likely-to-win-cooking 'mediocre-semi-professional 'gifted-inexperienced-amateur)),0.0,0.2
;; A mediocre semi-professional chef vs a talented novice in a fairly judged cooking competition.,(condition (likely-to-win-cooking 'mediocre-semi-professional 'talented-novice)),0.0,0.2
;; A mediocre semi-professional chef vs a talented novice in a fairly judged cooking competition.,(condition (likely-to-win-cooking 'local-novice-champion 'skilled-semi-professional)),0.0,0.2
;; A local novice cooking champion vs a skilled semi-professional chef in a fairly judged cooking competition.,(condition (likely-to-win-cooking 'skillful-professional 'inexperienced-amateur)),0.0,0.2
;; A local novice cooking champion vs a skilled semi-professional chef in a fairly judged cooking competition.,(condition (likely-to-win-cooking 'skillful-professional-off-day 'local-amateur-winner)),0.0,0.2
;; A local novice cooking champion vs a skilled semi-professional chef in a fairly judged cooking competition.,(condition (likely-to-win-cooking 'mediocre-semi-professional 'gifted-inexperienced-amateur)),0.0,0.2
;; A local novice cooking champion vs a skilled semi-professional chef in a fairly judged cooking competition.,(condition (likely-to-win-cooking 'mediocre-semi-professional 'talented-novice)),0.0,0.2
;; A local novice cooking champion vs a skilled semi-professional chef in a fairly judged cooking competition.,(condition (likely-to-win-cooking 'local-novice-champion 'skilled-semi-professional)),0.0,0.2
